"metrica","prop_0","prop_1"
"edad_jefe_mediana",31,34
"edad_jefe_media",30.70137562094,32.9323801248124
"tot_integ_mediana",3,4
"tot_integ_media",3.19640810087887,3.76483134528794
"menores_mediana",1,1
"menores_media",1.02598395108903,1.28303973457619
"mayores_mediana",2,2
"mayores_media",2.17042414978984,2.48179161071175
"ocupados_mediana",1,1
"ocupados_media",1.47506687046236,1.54080101113832
"ing_cor_mediana",52762.915,54296.6
"ing_cor_media",66028.7499484142,69777.3707599336
"ingtrab_mediana",42995.88,40707.68
"ingtrab_media",53794.837398739,51571.9673907892
"gasto_mon_mediana",38380.48,34547.62
"gasto_mon_media",47486.1376901032,43513.2942230824
"deudas_mediana",0,0
"deudas_media",439.428403706534,439.292418832451
"pago_tarje_mediana",0,0
"pago_tarje_media",1656.66311520825,1283.34300339679
