"variable","significado","tipo","valores","origen"
"folioviv","Identificador de la vivienda","Identificador","Código de vivienda de ENIGH","ENIGH 2024"
"foliohog","Identificador del hogar dentro de la vivienda","Identificador","Número de hogar dentro de la vivienda","ENIGH 2024"
"propietario","Variable binaria creada para identificar si la vivienda es propia","Binaria","1 = propia o propia pagando; 0 = rentada o prestada","Creada a partir de tenencia"
"tenencia","Tenencia de la vivienda","Categórica","1 = rentada; 2 = prestada; 3 = propia pagando; 4 = propia","ENIGH 2024"
"edad_jefe","Edad del jefe del hogar","Numérica","Edad en años","ENIGH 2024"
"grupo_edad","Grupo de edad del jefe del hogar","Categórica","18-29; 30-39","Creada a partir de edad_jefe"
"sexo_jefe","Sexo del jefe del hogar","Categórica","Hombre; Mujer","ENIGH 2024"
"educa_jefe","Nivel de escolaridad del jefe del hogar","Categórica","Sin instrucción; Preescolar; Primaria incompleta; Primaria completa; Secundaria incompleta; Secundaria completa; Preparatoria incompleta; Preparatoria completa; Profesional incompleta; Profesional completa; Posgrado","ENIGH 2024"
"tot_integ","Total de integrantes del hogar","Numérica","Número de personas","ENIGH 2024"
"menores","Número de integrantes menores","Numérica","Número de personas","ENIGH 2024"
"mayores","Número de integrantes mayores","Numérica","Número de personas","ENIGH 2024"
"ocupados","Número de integrantes ocupados","Numérica","Número de personas","ENIGH 2024"
"ing_cor","Ingreso corriente del hogar","Numérica","Monto correspondiente al periodo de referencia de ENIGH","ENIGH 2024"
"ingtrab","Ingreso por trabajo","Numérica","Monto correspondiente al periodo de referencia de ENIGH","ENIGH 2024"
"gasto_mon","Gasto corriente monetario del hogar","Numérica","Monto correspondiente al periodo de referencia de ENIGH","ENIGH 2024"
"deudas","Pagos realizados por deudas","Numérica","Monto de pagos por deudas registrados por ENIGH","ENIGH 2024"
"pago_tarje","Pagos realizados mediante tarjeta de crédito","Numérica","Monto de pagos con tarjeta de crédito registrados por ENIGH","ENIGH 2024"
"ubica_geo","Código de ubicación geográfica","Identificador geográfico","Código geográfico de ENIGH","ENIGH 2024"
"tam_loc","Tamaño de localidad","Categórica","100 mil o más; 15 mil a 99,999; 2,500 a 14,999; menos de 2,500","ENIGH 2024"
"factor","Factor de expansión de la encuesta","Diseño muestral","Ponderador de la encuesta","ENIGH 2024"
"est_socio","Estrato socioeconómico","Diseño muestral","Estrato socioeconómico","ENIGH 2024"
"est_dis","Estrato del diseño muestral","Diseño muestral","Estrato del diseño muestral","ENIGH 2024"
"upm","Unidad primaria de muestreo","Diseño muestral","Identificador de la unidad primaria de muestreo","ENIGH 2024"
