"term","estimate","std.error","p.value","odds_ratio","or_lower_95","or_upper_95","significativo"
"tam_locMenos de 2,500",1.247051300751,0.0691843447487458,3.96291562199661e-71,3.48006614486547,3.03870195055197,3.98553743332377,TRUE
"grupo_edad30-39",0.912018513085025,0.051264008898372,2.245862329919e-69,2.48934223538861,2.25134219388769,2.7525023880038,TRUE
"ing_percap_log",0.95209558168033,0.0556042588261894,1.70516134855469e-64,2.59113390660015,2.32354844934815,2.8895351520716,TRUE
"gasto_percap_log",-0.748322033990601,0.055842995926344,1.76461145092999e-40,0.473159833123122,0.424098267918671,0.527897057396221,TRUE
"prop_ocupados",-0.783842621585104,0.115997554496756,1.51083321370622e-11,0.45664791049281,0.363771044426499,0.573237802602464,TRUE
"est_socio_f4",-0.766502287905857,0.117077906478714,6.2626094889855e-11,0.464635390273625,0.369350925381562,0.584501164229386,TRUE
"est_socio_f2",-0.514170537623777,0.0786106643325636,6.52714982898408e-11,0.597996404480631,0.512594777041252,0.697626499114687,TRUE
"est_socio_f3",-0.653280950743064,0.100671692130475,9.18084090647764e-11,0.520335777028246,0.427147489780971,0.633854411726547,TRUE
"(Intercept)",-3.30901638552172,0.521455524209204,2.34335419369049e-10,0.0365521092613813,0.013151537977042,0.101589387780216,TRUE
"tam_loc2,500 a 14,999",0.561285133668849,0.0887837726244533,2.73210256427823e-10,1.75292379476667,1.47291561791869,2.08616284115525,TRUE
"educa_grupoSuperior",0.521961211378058,0.0838065083067341,4.97553989850141e-10,1.68532969841304,1.43000332903718,1.98624446158833,TRUE
"sexo_jefeMujer",-0.267192622798932,0.0489419670944124,4.9320529056979e-08,0.765525599578961,0.695494129193983,0.842608756870291,TRUE
"regionSur/Sureste",0.434990383817723,0.0817760145531879,1.07203434374696e-07,1.54494820237638,1.3161177258827,1.81356492742713,TRUE
"tot_integ",0.132546160688387,0.0250038145877444,1.18451593973071e-07,1.14173171799485,1.08711958760512,1.19908732280977,TRUE
"regionNorte",0.355693857749102,0.0739759107855593,1.55253327566342e-06,1.42717056416868,1.23451745348327,1.64988823242843,TRUE
"educa_grupoMedia superior",0.326104831805547,0.0746112731022311,1.25520257207133e-05,1.38556061208026,1.19703258948142,1.60378107214265,TRUE
"educa_grupoSecundaria completa",0.269494355286513,0.0679279168923527,7.33557033444986e-05,1.30930224156927,1.14606741448919,1.49578666848526,TRUE
"tam_loc15 mil a 99,999",0.246877190134265,0.0736451336509104,0.00080555825444089,1.28002190380692,1.10795050510599,1.478817028987,TRUE
"tiene_deudaSi",0.197487072990648,0.0816678346442273,0.0156224327645976,1.21833731540997,1.03810303064151,1.42986367470974,TRUE
"regionCDMX",-0.173711846696635,0.145808483639471,0.233546350313328,0.840539066874553,0.631575568947083,1.11864036178629,FALSE
"regionOccidente/Bajio",0.0531623416981373,0.0806547131107148,0.509829483286295,1.05460083691392,0.900375222939981,1.23524381489302,FALSE
"tiene_tarjetaSi",0.020066180841244,0.0679923704486736,0.767907377971807,1.02026886004392,0.892955903806887,1.165733427975,FALSE
"prop_menores",-0.00912881521983963,0.137813685868697,0.947188317590468,0.990912725910614,0.756326147189622,1.29826006150945,FALSE
